id,family,sequence
"d1dlwa_","a.1.1.1 (A:) Protozoan/bacterial hemoglobin","slfeqlggqaavqavtaqfyaniqadatvatffngidmpnqtnktaaflcaalggpnawtgrnlkevhanmgvsnaqfttvighlrsaltgagvaaalveqtvavaetvrgdvvtv"
"d4i0va_","a.1.1.1 (A:) automated matches","aslyeklggaaavdlavekfygkvladervnrffvntdmakqkqhqkdfmtyafggtdrfpgrsmraahqdlvenagltdvhfdaiaenlvltlqelnvsqdlidevvtivgsvqhrndvlnr"
"d1asha_","a.1.1.2 (A:) Ascaris hemoglobin, domain 1","anktrelcmkslehakvdtsnearqdgidlykhmfenypplrkyfksreeytaedvqndpffakqgqkillachvlcatyddretfnaytrelldrhardhvhmppevwtdfwklfeeylgkkttldeptkqawheigrefakeink"
"d1vhba_","a.1.1.2 (A:) Bacterial dimeric hemoglobin","ldqqtiniikatvpvlkehgvtitttfyknlfakhpevrplfdmgrqesleqpkalamtvlaaaqnienlpailpavkkiavkhcqagvaaahypivgqellgaikevlgdaatddildawgkaygviadvfiqveadlyaqav"
"d1ch4a_","a.1.1.2 (A:) Chimeric hemoglobin beta-alpha","vhltpeeksavtalwgkvnvdevggealgrllvvypwtqrffesfgdlstpdavmgnpkvkahgkkvlgafsdglahldnlkgtfatlselhcdklrvdpvnfkllshcllvtlaahlpaeftpavhasldkvlasvstvltskyr"
"d2dc3a_","a.1.1.2 (A:) Cytoglobin","eelseaerkavqamwarlyancedvgvailvrffvnfpsakqyfsqfkhmedplemerspqlrkhacrvmgalntvvenlhdpdkvssvlalvgkahalkhkvepvyfkilsgvilevvaeefasdfppetqrawaklrgliyshvtaaykevgwvqqvpnattppatlpss"
"d4hswa_","a.1.1.2 (A:) Dehaloperoxidase","gfkqdiatirgdlrtyaqdiflaflnkypderryfknyvgksdqelksmakfgdhtekvfnlmmevadratdcvplasdantlvqmkqhsslttgnfekffvalveymrasgqsfdsqswdrfgknlvsalssagmk"
"d1ecaa_","a.1.1.2 (A:) Erythrocruorin","lsadqistvqasfdkvkgdpvgilyavfkadpsimakftqfagkdlesikgtapfethanrivgffskiigelpnieadvntfvashkprgvthdqlnnfragfvsymkahtdfagaeaawgatldtffgmifskm"
"d1x9fd_","a.1.1.2 (D:) Extracellular dodecameric hemoglobin (erythrocruorin), subunit D1","eclvteslkvklqwasafghahervafglelwrdiiddhpeikapfsrvrgdniyspefgahsqrvlsglditismldtpdmlaaqlahlkvqhvernlkpeffdiflkhllhvlgdrlgthfdfgawhdcvdqiidgik"
"d1x9fb_","a.1.1.2 (B:) Extracellular dodecameric hemoglobin (erythrocruorin), subunit II (globin B)","kkqcgvleglkvksewgraygsghdreafsqaiwratfaqvpesrslfkrvhgddtshpafiahadrvlggldiaistldqpatlkeeldhlqvqhegrkipdnyfdafktailhvvaaqlgrcydreawdacidhiedgikghh"
"d1x9fc_","a.1.1.2 (C:) Extracellular dodecameric hemoglobin (erythrocruorin), subunit III (globin C)","hehccseedhrivqkqwdilwrdtesskikigfgrllltklakdipevndlfkrvdiehaegpkfsahalrilngldlainllddppaldaaldhlahqhevregvqkahfkkfgeilatglpqvlddydalawksclkgiltkissrl"
"d1x9fa_","a.1.1.2 (A:) Extracellular dodecameric hemoglobin (erythrocruorin), subunit IV (globin A)","dccsyedrreirhiwddvwsssftdrrvaivravfddlfkhyptskalfervkidepesgefkshlvrvanglkllinllddtlvlqshlghladqhiqrkgvtkeyfrgigeafarvlpqvlscfnvdawnrcfhrlvariakdlp"
"d1cqxa1","a.1.1.2 (A:1-150) Flavohemoglobin, N-terminal domain","mltqktkdivkatapvlaehgydiikcfyqrmfeahpelknvfnmahqeqgqqqqalaravyayaeniedpnslmavlkniankhaslgvkpeqypivgehllaaikevlgnaatddiisawaqaygnladvlmgmeselyersaeqpgg"
"d1jl7a_","a.1.1.2 (A:) Glycera globin","glsaaqrqvvastwkdiagadngagvgkeclskfisahpemaavfgfsgasdpgvaelgakvlaqigvavshlgdegkmvaemkavgvrhkgygnkhikaeyfeplgasllsamehriggkmnaaakdawaaaygdisgalisglqs"
"d1it2a_","a.1.1.2 (A:) Hagfish hemoglobin","piidqgplptltdgdkkainkiwpkiykeyeqyslnillrflkcfpqaqasfpkfstkksnleqdpevkhqavvifnkvneiinsmdnqeeiikslkdlsqkhktvfkvdsiwfkelssifvstidggaefeklfsiicillrsay"
"d1or4a_","a.1.1.2 (A:) Heme-based aerotactic transducer HemAT, sensor domain","etayfsdsngqqknriqltnkhadvkkqlkmvrlgdaelyvleqlqpliqenivnivdafyknldhesslmdiindhssvdrlkqtlkrhiqemfagviddefiekrnriasihlrigllpkwymgafqelllsmidiyeasitnqqellkaikattkilnleqqlvle"
"d1itha_","a.1.1.2 (A:) Hemoglobin","gltaaqikaiqdhwflnikgclqaaadsiffkyltaypgdlaffhkfssvplyglrsnpaykaqtltvinyldkvvdalggnagalmkakvpshdamgitpkhfgqllklvggvfqeefsadpttvaawgdaagvlvaamk"
"d3g46a_","a.1.1.2 (A:) Hemoglobin I","psvydaaaqltadvkkdlrdswkvigsdkkgngvalmttlfadnqetigyfkrlgdvsqgmandklrghsitlmyalqnfidqldnpddlvcvvekfavnhitrkisaaefgkingpikkvlasknfgdkyanawaklvavvqaal"
"d3d1ka_","a.1.1.2 (A:) Hemoglobin, alpha-chain","slsdkdkaavralwskigkssdaigndalsrmivvypqtkiyfshwpdvtpgspnikahgkkvmggialavskiddlktglmelseqhayklrvdpsnfkilnhcilvvistmfpkeftpeahvsldkflsgvalalaeryr"
"d3d1kb_","a.1.1.2 (B:) Hemoglobin, beta-chain","vewtdkersiisdifshmdyddigpkalsrclvvypwtqryfsgfgnlynaegimsnanvaahgikvlhgldrgmknmdniadaytdlstlhseklhvdpdnfkllsdcitivlaakmghaftaetqgafqkflaavvsalgkqyh"
"d1hlba_","a.1.1.2 (A:) Hemoglobin, different isoforms","ggtlaiqaqgdltlaqkkivrktwhqlmrnktsfvtdvfirifaydpsaqnkfpqmagmsasqlrssrqmqahairvssimseyveeldsdilpellatlarthdlnkvgadhynlfakvlmealqaelgsdfnektrdawakafsvvqavllvkhg"
"d1tu9a1","a.1.1.2 (A:2-130) Hypothetical protein PA3967","naadrvmqsygrccastgffddfyrhflasspqirakfattdmtaqkhllragimnlvmyargmsdsklralgashsraaldirpelydlwldallmavaehdrdcdaetrdawrdvmgrgiaviksyy"
"d3lhba_","a.1.1.2 (A:) Lamprey globin","pivdtgsvaplsaaektkirsawapvystyetsgvdilvkfftstpaaqeffpkfkglttadelkksadvrwhaeriinavddavasmddtekmsmklrnlsgkhaksfqvdpeyfkvlaaviadtvaagdagfeklmsmicillrsay"
"d2lh1a_","a.1.1.2 (A:) Leghemoglobin","galtesqaalvkssweefnanipkhthrffilvleiapaakdlfsflkgtsevpqnnpelqahagkvfklvyeaaiqlevtgvvvtdatlknlgsvhvskgvadahfpvvkeailktikevvgakwseelnsawtiaydelaivikkemddaa"
"d5ycea_","a.1.1.2 (A:) Myoglobin","vlsegewqlvlhvwakveadvaghgqdilirlfkshpetlekfdrfkhlkteaemkasedlkkhgvtvltalgailkkkghheaelkplaqshatkhkipikylefiseaiihvlhsrhpgdfgadaqgamnkalelfrkdiaakykelgy"
"d1q1fa_","a.1.1.2 (A:) Neuroglobin","rpeselirqswrvvsrsplehgtvlfarlfalepsllplfqyngrqfsspedslsspefldhirkvmlvidaavtnvedlssleeyltslgrkhravgvrlssfstvgesllymlekslgpdftpatrtawsrlygavvqamsrgwdg"
"d2gnwa_","a.1.1.2 (A:) Non-symbiotic plant hemoglobin","alvednnavavsfseeqealvlkswailkkdsanialrfwlkifevapsasqmfsflrnsdvpleknpklkthamsvfvmtceaaaqlrkagkvtvrdttlkrlgathlkygvgdahfevvkfalldtikeevpadmwspamksawseaydhlvaaikqemkpae"
"d1h97a_","a.1.1.2 (A:) Trematode hemoglobin/myoglobin","tltkheqdillkelgphvdtpahivetglgayhalftahpqyishfsrleghtienvmqsegikhyartlteaivhmlkeisndaevkkiaaqygkdhtsrkvtkdefmsgepiftkyfqnlvkdaegkaavekflkhvfpmmaaei"
"d3qm9a_","a.1.1.2 (A:) automated matches","adfdavlkcwgpveadyttigglvltrlfkehpetqklfpkfagiaqadiagnaavsahgatvlkklgellkakgshaailkplanshatkhkipinnfklisevlvkvmqekagldaggqtalrnvmgiiiadleanykelgfs"
"d1alla_","a.1.1.3 (A:) Allophycocyanin alpha subunit","sivtksivnadaearylspgeldriksfvtsgerrvriaetmtgareriikqagdqlfgkrpdvvspggnaygadmtatclrdldyylrlitygivagdvtpieeigvvgvremykslgtpieaiaegvramksvatsllsgadaaeagsyfdyligams"
"d1allb_","a.1.1.3 (B:) Allophycocyanin beta subunit","mqdaitsvinssdvqgkyldasaiqklkayfatgelrvraattisanaanivkeavaksllysdvtrpggnmyttrryaacirdldyylryatyamlagdpsildervlnglketynslgvpigatvqaiqamkevtaglvgggagkemgiyfdyicsgls"
"d3l0fa_","a.1.1.3 (A:) Phycocyanin alpha subunit","mktpiteaiaaadtqgrflsntelqavdgrfkravasmeaaraltnnaqslidgaaqavyqkfpytttmqgsqyastpegkakcardigyylrmvtyclvaggtgpmdeyliaglseinstfdlspswyiealkyikanhgltgqaaveanayidyainals"
"d3l0fb_","a.1.1.3 (B:) Phycocyanin beta subunit","mldafakvvaqadargefltnaqfdalsnlvkegnkrldavnritsnastivanaaralfaeqpqliqpggnaytnrrmaaclrdmeiilryvtyailagdssvlddrclnglretyqalgtpgssvavaiqkmkdaaiaiandpngitpgdcsalmseiagyfdraaaava"
"d1b8da_","a.1.1.3 (A:) Phycoerythrin alpha subunit","mksvitttisaadaagrfpsssdlesiqgniqraaarleaaqklsgnheavvkeagdacfakysylknageagdspekinkcyrdidhymrlinyslvvggtgpvdewgiagsrevyralnlpgsayiaaftftrdrlcvprdmssqagveftsaldyvinslc"
"d1xg0c_","a.1.1.3 (C:) Phycoerythrin beta subunit","dafsrvvtnadskaayvggadlqalkkfisegnkrldsvnsivsnascivsdavsgmicenpslispsgncytnrrmaaclrdgeiilryvsyallsgdasvledrclnglketysslgvpansnaravsimkacavafvnntasqkklstpqgdcsglasevggyfdkvtaais"
"d3kvsa_","a.1.1.3 (A:) automated matches","ktpiteaiaaadnqgrflsntelqavngryqraaasleaarsltsnaqrlingaaqavyskfpytsqmpgpqyassavgkakcardigyylrmvtyclvvggtgpmdeyliagleeinrtfdlspswyvealnyvksnhglsgqaaneantyidyainals"
"d1kr7a_","a.1.1.4 (A:) Nerve tissue mini-hemoglobin (neural globin)","mvnwaavvddfyqelfkahpeyqnkfgfkgvalgslkgnaayktqagktvdyinaaiggsadaaglasrhkgrnvgsaefhnakaclakacsahgapdlghaiddilshl"
"d4f69a_","a.1.1.4 (A:) automated matches","mvnwaavvddffqelfkahpeyqnkfgfkgvalgslkgnaayktlagkvvdyinawiggsadaaglasrhkgrnvgsaefhnakaclakacsahgapdlghaiddilshl"
"d2bk9a_","a.1.1.0 (A:) automated matches","mnsdevqlikktweipvatptdsgaailtqffnrfpsnlekfpfrdvpleelsgnarfrahagriirvfdesiqvlgqdgdlekldeiwtkiavshiprtvskesynqlkgvildvltaassldesqaatwaklvdhvyaiifkaidddgnak"
"d2bs3b1","a.1.2.1 (B:107-239) Fumarate reductase","tgnwfngmsqrveswihaqkehdiskleeriepevaqevfeldrciecgcciaacgtkimredfvgaaglnrvvrfmidphdertdedyyeligdddgvfgcmtllachdvcpknlplqskiaylrrkmvsvn"
"d2h88b2","a.1.2.1 (B:115-246) Succinate dehydogenase","lsnfyaqyksiepylkkkdeskqgkeqylqsiedrqkldglyecilcaccstscpsywwngdkylgpavlmqayrwmidsrddyteerlaqlqdpfslyrchtimnctrtcpkglnpgkaiaeikkmmatyk"
"d2bs2b1","a.1.2.1 (B:107-240) automated matches","tgnwfngmsqrveswihaqkehdiskleeriepevaqevfeldrciecgcciaacgtkimredfvgaaglnrvvrfmidphdertdedyyeligdddgvfgcmtllachdvcpknlplqskiaylrrkmvsvnm"
"d7m32a1","a.1.2.2 (A:3-183) Dihydropyrimidine dehydrogenase, N-terminal domain","pvlskdvadiesilalnprtqshaalhstlakkldkkhwkrnpdkncfhceklennfddikhttlgergalreamrclkcadapcqkscpthldiksfitsisnknyygaakmifsdnplgltcgmvcptsdlcvggcnlyateegsinigglqqfasevfkamnipqirnpclpsqekmp"
"d4ysxb2","a.1.2.0 (B:139-282) automated matches","mnlfyaqyasiqpwlqkktkinlgekqqyqsikeqekldglyecilcaccsascpsywwnadkylgpavlmqayrwiidsrddsaaerlarmqdgfsafkchtimnctktcpkhlnparaigeikmlltkmktkpaplptpanf"
"d2f23a1","a.2.1.1 (A:3-77) GreA transcript cleavage protein, N-terminal domain","revkltkagyerlmqqlerererlqeatkilqelmessddyddsgleaakqekariearidsledilsravilee"
"d2p4va1","a.2.1.0 (A:1-79) automated matches","mktplvtregyeklkqelnylwreerpevtkkvtwaaslgdrsenadyqynkkrlreidrrvryltkcmenlkivdysp"
"d1vq8v1","a.2.2.1 (V:1-65) Ribosomal protein L29 (L29p)","tvlhvqeirdmtpaereaelddlktellnaravqaaggapenpgrikelrkaiariktiqgeegd"
"d2qwob_","a.2.3.1 (B:) Auxilin J-domain","dpeklkilewiegkernirallstmhtvlwagetkwkpvgmadlvtpeqvkkvyrkavlvvhpckatgqpyeqyakmifmelndawsefenq"
"d1wjza1","a.2.3.1 (A:8-88) CSL-type zinc finger-containing protein 3 (J-domain protein DjC7, 1700030a21RIK)","maleqtlkkdwysilgadpsanmsdlkqkyqklillyhpdkqsadvpagtmeecmqkfieidqawkilgneetkkkydlqr"
"d1xbla_","a.2.3.1 (A:) DnaJ chaperone, N-terminal (J) domain","akqdyyeilgvsktaeereirkaykrlamkyhpdrnqgdkeaeakfkeikeayevltdsqkraaydqyghaafeq"
"d1fpoa1","a.2.3.1 (A:1-76) HSC20 (HSCB), N-terminal (J) domain","mdyftlfglparyqldtqalslrfqdlqrqyhpdkfasgsqaeqlaavqqsatinqawqtlrhplmraeyllslhg"
"d1hdja1","a.2.3.1 (A:0-75) HSP40","mgkdyyqtlglargasdeeikrayrrqalryhpdknkepgaeekfkeiaeaydvlsdprkreifdrygeeglkgsg"
"d1iura1","a.2.3.1 (A:14-88) Hypothetical protein KIAA0730","ilkevtsvveqawklpeserkkiirrlylkwhpdknpenhdianevfkhlqneinrlekqafldqnadrasrrtf"
"d1gh6a1","a.2.3.1 (A:7-117) Large T antigen, the N-terminal J domain","reeslqlmdllglersawgniplmrkaylkkckefhpdkggdeekmkkmntlykkmedgvkyahqpdfggfwdateiptygtdeweqwwnafneenlfcseempssddeat"
"d2o37a_","a.2.3.0 (A:) automated matches","mvketklydllgvspsaneqelkkgyrkaalkyhpdkptgdtekfkeiseafeilndpqkreiydqygleaarsggpsfgp"
"d1fxkc_","a.2.5.1 (C:) Prefoldin alpha subunit","aalaeivaqlniyqsqveliqqqmeavratiseleilektlsdiqgkdgsetlvpvgagsfikaelkdtsevimsvgagvaikknfedamesiksqknelestlqkmgenlraitdimmklspqaeellaava"
"d1fxka_","a.2.5.1 (A:) Prefoldin beta subunit","qnvqhqlaqfqqlqqqaqaisvqkqtvemqinetqkaleelsraaddaevykssgnilirvakdelteelqekletlqlrektierqeervmkklqemqvniqeamk"
"d1cxzb_","a.2.6.1 (B:) Protein kinase c-like 1, pkn/prk1","wslleqlglagadlaapgvqqqlelererlrreirkelklkegaenlrrattdlgrslgpvelllrgssrrldllhqqlqelhahv"
"d4nkgb_","a.2.6.1 (B:) automated matches","lsrvaglekqlaielkvkqgaenmiqtysngstkdrkllltaqqmlqdsktkidiirmqlrralqa"
"d1seta1","a.2.7.1 (A:1-110) Seryl-tRNA synthetase (SerRS)","mvdlkrlrqepevfhrairekgvaldleallaldrevqelkkrlqevqternqvakrvpkappeekealiargkalgeeakrleealrekearlealllqvplppwpgap"
"d2iy5a1","a.2.7.2 (A:15-84) Phenylalanyl-tRNA synthetase (PheRS)","leelkalkarylgkkglltqemkglsalpleerrkrgqelnaikaaleaalearekaleeaalkealere"
"d1ivsa1","a.2.7.3 (A:797-862) Valyl-tRNA synthetase (ValRS) C-terminal domain","dveewrrrqekrlkellalaersqrklaspgfrekapkevveaeearlkenleqaerirealsqig"
"d1lrza1","a.2.7.4 (A:245-309) Methicillin resistance protein FemA probable tRNA-binding arm","fdeyikelneerdilnkdlnkalkdiekrpenkkahnkrdnlqqqldaneqkieegkrlqeehgn"
"d6p24c1","a.2.7.0 (C:5-90) automated matches","aelvasakaaisqasdvaaldnvrveylgkkghltlqmttlrelppeerpaagavineakeqvqqalnarkaelesaalnarlaae"
"d1k4ta1","a.2.8.1 (A:641-712) Eukaryotic DNA topoisomerase I, dispensable insert domain","eksmmnlqtkidakkeqladarrdlksakadakvmkdaktkkvveskkkavqrleeqlmklevqatdreenk"
"d1qoja_","a.2.9.1 (A:) C-terminal UvrC-binding domain of UvrB","spkalqqkiheleglmmqhaqnlefeeaaqirdqlhqlrelfiaas"
"d2jdih1","a.2.10.1 (H:101-145) Epsilon subunit of F1F0-ATP synthase C-terminal domain","dmldlgaakanlekaqsellgaadeatraeiqirieanealvkal"
"d3oe7h2","a.2.10.0 (H:92-136) automated matches","plesfsqeniknllaeakknvsssdareaaeaaiqvevlenlqsv"
"d1bsma1","a.2.11.1 (A:1-86) Cambialistic superoxide dismutase","avytlpelpydysalepyisgeimelhhdkhhkayvdgantaldklaeardkadfgainklekdlafnlaghvnhsvfwknmapkg"
"d2nyba1","a.2.11.1 (A:1-82) Fe superoxide dismutase (FeSOD)","sfelpalpyakdalaphisaetieyhygkhhqtyvtnlnnlikgtafegksleeiirsseggvfnnaaevwnhtfywnclap"
"d1ix9a1","a.2.11.1 (A:1-90) Mn superoxide dismutase (MnSOD)","sytlpslpyaydalephfdkqtmeihhtkhhqtyvnnanaaleslpefanlpveelitkldqlpadkktvlrnnagghanhslfwkglkk"
"d2bkba1","a.2.11.1 (A:1-82) automated matches","sfelpalpyakdalaphisaetieyhygkhhqtyvtnlnnlikgtafegksleeiirsseggvfnnaaevwnhtfywnclap"
"d3ak2a1","a.2.11.0 (A:1-92) automated matches","mvsfkryelpplpynynalepyiieeimklhhqkhhntyvkganaalekiekhlkgeiqidvravmrdfsfnyaghimhtifwpnmappgkg"
"d1pv0a_","a.2.12.1 (A:) Sporulation inhibitor Sda","mrklsdelliesyfkatemnlnrdfielieneikrrslghiisvss"
"d3d36c_","a.2.12.1 (C:) automated matches","mkhlsdelliesyfkakelnlspefieliekeiqrrslthki"
"d1us6a_","a.2.13.1 (A:) Transcriptional repressor TraM","velrpligltrglpptdletitidairthrrlvekadelfqalpetyktgqacggpqhiryieasiemhaqmsalntlysilgfipkvvvn"
"d2hjda_","a.2.13.1 (A:) automated matches","felrpvigltrglssadietltanairlhrqllekadqlfqvlpddikigtaaggeqhleyieamiemhaqmsavntlvgllgfipkvs"
"d1tjla1","a.2.14.1 (A:7-110) DnaK suppressor protein DksA, alpha-hairpin domain","rktsslsilaiagvepyqekpgeeymneaqlahfrrileawrnqlrdevdrtvthmqdeaanfpdpvdraaqeeefslelrnrdrerklikkiektlkkveded"
"d5gmkh_","a.2.15.1 (H:) Pre-mRNA splicing factor Isl1","srnvdkansvlvrfqeqqaesaggykdysryqrprnvskvksikeanewkrqvskeikqkstriydpslnemqiaelndelnnlfkewkrwqwhi"
"d1x4ta1","a.2.15.1 (A:8-86) Pre-mRNA-splicing factor ISY1 homolog","kvkerrpflasectelpkaekwrrqiigeiskkvaqiqnaglgefrirdlndeinkllrekghwevrikelggpdygkv"
"d2a26a1","a.2.16.1 (A:1-47) Calcyclin-binding protein, CacyBP","maseelqkdleevkvllekatrkrvrdaltaekskieteiknkmqqk"
"d2f6ma2","a.2.17.1 (A:322-385) Vacuolar protein sorting-associated protein 23, VPS23","tdglnqlynlvaqdyaltdtiealsrmlhrgtipldtfvkqgrelarqqflvrwhiqritspls"
"d2f6mb2","a.2.17.2 (B:13-118) Vacuolar protein sorting-associated protein 28, VPS28","disqlfhdevplfdnsitskdkevietlseiysivitldhvekaylkdsiddtqytntvdkllkqfkvylnsqnkeeinkhfqsieafadtynitasnaitrlerg"
"d2p22b_","a.2.17.2 (B:) automated matches","klnqnqdisqlfhdevplfdnsitskdkevietlseiysivitldhvekaylkdsiddtqytntvdkllkqfkvylnsqnkeeinkhfqsieafadtynitasnaitrler"
"d2f66c1","a.2.17.3 (C:142-206) Vacuolar protein sorting-associated protein 37, VPS37 (SRN2)","skkygdialkkkleqntkkldeessqletttrsidsaddldqfiknyldirtqyhlrreklatwd"
"d6vmee_","a.2.17.0 (E:) automated matches","nkpelyeevklyknarerekydnmaelfavvktmqalekayikdcvspseytaacsrllvqykaafrqvqgseissidefcrkfrldcplamerikedrpit"
"d1z0pa1","a.2.18.1 (A:1-77) Hypothetical protein SPy1572","msyekeflkdfedwvktqiqvnqlamatsqevaqedgderakdafiryeskldayefllgkfdnykngkafhdipde"
"d1z0jb1","a.2.19.1 (B:734-784) FYVE finger-containing Rab5 effector protein rabenosyn-5","ieeelllqqidnikayifdakqcgrldevevltenlrelkhtlakqkggtd"
"d1z0kd_","a.2.19.1 (D:) automated matches","egwlplsggqgqsedsdpllqqihnitsfirqakaagrmdevrtlqenlrqlqdeydqqqt"
"d2g0ua1","a.2.20.1 (A:1-84) BsaL needle protein","msnpptplladyewsgyltgigrafddgvkdlnkqlqdaqanltknpsdptalanyqmimseynlyrnaqssavksmkdidssi"
"d2ca5a1","a.2.20.1 (A:20-78) MxiH needle protein","ddgtqtlqgeltlaldklaknpsnpqllaeyqsklseytlyrnaqsntvkvikdvdaai"
"d2ca5b_","a.2.20.1 (B:) automated matches","lsetfddgtqtlqgeltlaldklaknpsnpqllaeyqsklseytlyrnaqsntvkvikdvd"
"d2x9ca_","a.2.20.0 (A:) automated matches","gvdnlqtqvtealdklaakpsdpallaayqsklseynlyrnaqsntakafkdidaaiiqnfr"
"d2hepa1","a.2.21.1 (A:1-42) Hypothetical protein YnzC","misnakiarinelaakakagviteeekaeqqklrqeylkgfr"
"d3bhpa_","a.2.21.1 (A:) automated matches","misnakiarinelaakakagviteeekaeqqklrqeylkgfrssmkntlksv"
"d1gu2a_","a.3.1.1 (A:) Cytochrome c''","dvtnaeklvykytniahsanpmyeapsitdgkiffnrkfktpsgkeaacaschtnnpanvgknivtgkeipplaprvntkrftdidkvedeftkhcndilgadcspsekanfiaylltetkptk"
"d2c8sa_","a.3.1.1 (A:) Cytochrome c-L (MoxG)","sqgkeggrdtpavkkfletgenlyiddksclrngeslfatscsgchghlaegklgpglndnywtypsnttdvglfatifggangmmgphnenltpdemlqtiawirhlytgpkqdavwlndeqkkaytpykqgevipkdakgqckplde"
"d1i8oa_","a.3.1.1 (A:) Cytochrome c2","edakageavfkqcmtchradknmvgpalagvvgrkagtaagftysplnhnsgeaglvwtadnivpyladpnaflkkfltekgkadqavgvtkmtfklaneqqrkdvvaylatlk"
"d1cc5a_","a.3.1.1 (A:) Cytochrome c5","gggarsgddvvakycnachgtgllnapkvgdsaawktradakggldgllaqslsglnamppkgtcadcsddelkaaigkmsgl"
"d1mz4a_","a.3.1.1 (A:) Cytochrome c550","aeltpevltvplnsegktitltekqylegkrlfqyacaschvggitktnpsldlrtetlalatpprdnieglvdymknpttydgeqeiaevhpslrsadifpkmrnltekdlvaiaghilvepkilgdkwg"
"d5xecc_","a.3.1.1 (C:) Cytochrome c551","neqlakqkgcmachdlkakmvgpaykdvaakfagqagaeaelaqrikngsqgvwgpipmppnavsddeaqtlakwvlsqk"
"d1c52a_","a.3.1.1 (A:) Cytochrome c552","qadgakiyaqcagchqqngqgipgafpplaghvaeilakeggreylilvllyglqgqievkgmkyngvmssfaqlkdeeiaavlnhiatawgdakkvkgfkpftaeevkklrakkltpqqvlaerkklglk"
"d1b7ca_","a.3.1.1 (A:) Cytochrome c6 (synonym: cytochrome c553)","vdaeavvqqkcischggdltgasapaidkaganyseeeildiilngqggmpggiakgaeaeavaawlaekk"
"d1qn2a_","a.3.1.1 (A:) Cytochrome ch","egdaaagekafapckachnfekngvgptlkgvvgakagegadgyafsdalkksgltwdqadlkqwladpkkkvpgtkmvfpgisdpkkvddiiaylktk"
"d4n0ka1","a.3.1.1 (A:-5-101) Mitochondrial cytochrome c","tefkagsakkgatlfkteclqchtvekggphkvgpnlhgifgrhsgqaegysytdanikknvlwdennmseyltnpkkyipgtkmafgglkkekdrndlitylkka"
"d1kx2a1","a.3.1.1 (A:1-78) Mono-heme c-type cytochrome ScyA","qdaeaiynkactvchsmgvagapkshntadweprlakgvdnlvksvktglnamppggmctdctdedykaaiefmskak"
"d1h32b_","a.3.1.1 (B:) Mono-heme c-type cytochrome SoxX","aevapgdvaidgqghvarpltdapgdpvegrrlmtdrsvgnciachevtemadaqfpgtvgpsldgvaarypeamirgilvnsknvfpetvmpayyrvegfnrpgiaftskpiegeirplmtagqiedvvaylmtltq"
"d1diic_","a.3.1.1 (C:) p-Cresol methylhydroxylase, cytochrome c subunit","sqwgsgknlydkvcghchkpevgvgpvlegrglpeayikdivrngframpafpasyvddesltqvaeylsslp"
"d1e29a_","a.3.1.1 (A:) Photosystem II associated cytochrome c549","veltestrtipldeaggtttltarqftngqkifvdtctqchlqgktktnnnvslgladlagaeprrdnvlalveflknpksydgeddyselhpnisrpdiypemrnyteddifdvagytliapklderwggtiyf"
"d1dw0a_","a.3.1.1 (A:) SHP, an oxygen binding cytochrome c","gdtspaqliagyeaaagapadaergralflstqtggkpdtpscttchgadvtragqtrtgkeiaplapsatpdrftdsarvekwlgrncnsvigrdctpgekadllawlaaq"
"d5c0za_","a.3.1.1 (A:) automated matches","gdvekgkkifvqkcaqchtvekggkhktgpnlhglfgrktgqaagfsytdanknkgitwgedtlmeylenpkkyipgtkmifagikkkgeradliaylkkatne"
"d1qksa1","a.3.1.2 (A:9-135) N-terminal (heme c) domain of cytochrome cd1-nitrite reductase","dpaaaledhktrtdnryepsldnlaqqdvaapgapegvtalsdaqyneankiyfercagchgvlrkgatgkaltpdltrdlgfdylqsfityaspagmpnwgtsgelsaeqvdlmanyllldpaapp"
"d3cx5d1","a.3.1.3 (D:62-260) Cytochrome bc1 domain","mtaaehglhapayawshngpfetfdhasirrgyqvyrevcaachsldrvawrtlvgvshtneevrnmaeefeyddepdeqgnpkkrpgklsdyipgpypneqaaraanqgalppdlslivkarhggcdyifslltgypdeppagvalppgsnynpyfpggsiamarvlfddmveyedgtpattsqmakdvttflnwcae"
"d3l70d1","a.3.1.3 (D:1-195) automated matches","gelelhppafpwshggplsaldhssvrrgfqvykqvcsachsmdyvafrnligvthteaeakalaeevevqdgpdengelfmrpgkisdyfpkpypnpeaaraanngalppdlsyivnarhggedyvfslltgycdppagvvvreglhynpyfpgqaigmappiyneileyddgtpatmsqiakdvctflrwaae"
"d1m70a1","a.3.1.4 (A:1-92) Cytochrome c4","agdaeagqgkvavcgachgvdgnspapnfpklagqgeryllkqlqdikagstpgapegvgrkvlemtgmldplsdqdlediaayfssqkgsv"
"d1fcdc1","a.3.1.4 (C:1-80) Flavocytochrome c sulfide dehydrogenase, FCSD, cytochrome subunit","eptaemltnncagchgthgnsvgpaspsiaqmdpmvfvevmegfksgeiastimgriakgystadfekmagyfkqqtyqp"
"d3vrda1","a.3.1.4 (A:1-80) automated matches","eptaemlanncagchgtrgnsagpaspsiaqmdpavfvevmeqfksgeiqstimgriakgystadfqkmaeyfkqqtyqp"
"d1eb7a1","a.3.1.5 (A:1-164) Di-heme cytochrome c peroxidase","dalhdqasalfkpipeqvtelrgqpiseqqrelgkklffdprlsrshvlscntchnvgtggadnvptsvghgwqkgprnsptvfnavfnaaqfwdgrakdlgeqakgpiqnsvemhstpqlveqtlgsipeyvdafrkafpkagkpvsfdnmalaieayeatlv"
"d1kb0a1","a.3.1.6 (A:579-675) Quinoprotein alcohol dehydrogenase, C-terminal domain","tgqllqgvkydpakveagtmlyvancvfchgvpgvdrggnipnlgymdasyienlpnfvfkgpamvrgmpdftgklsgddveslkafiqgtadairp"
"d1pbya1","a.3.1.7 (A:1-85) Quinohemoprotein amine dehydrogenase A chain, domains 1 and 2","vtgeevlqnacaachvqhedgrweridaarktpegwdmtvtrmmrnhgvalepeeraaivrhlsdtrglslaeteerryilerep"
"d1h32a1","a.3.1.8 (A:1-150) Di-heme cytochrome c SoxA","gpddplvingeieivtraptpahladrfdeirsgwtfrtddtqalemddfensgmvfveearavwdrpegtegkacadchgavddgmyglravypkyvesagkvrtveqminacrtsrmgapewdyigpdmtamvaliasvsrgmpvsva"
"d2zxya_","a.3.1.0 (A:) automated matches","adgkaifqqkgcgschqanvdtvgpslkkiaqayagkedqlikflkgeapaivdpakeaimkpqltmlkglsdaelkaladfilsh"
"d9anta_","a.4.1.1 (A:) Antennapedia Homeodomain","rqtytryqtlelekefhfnryltrrrrieiahalslterqikiwfqnrrmkwkken"
"d1wi3a1","a.4.1.1 (A:8-65...(truncated 3609564 characters)...10-59) automated matches","hrfkvynyksptfcehcgtllwglarqglkcdacgmnvhhrcqtkvanlc"
"d1z60a1","g.49.1.2 (A:328-386) TFIIH p44 subunit cysteine-rich domain","ldafqeipleeyngerfcygcqgelkdqhvyvcavcqnvfcvdcdvfvhdslhscpgci"
"d1e53a_","g.49.1.2 (A:) automated matches","ldafqeipleeyngerfcygcqgelkdqhvyvcavcqnvfcvdcdvfvhdslhccpgci"
"d1v5na1","g.49.1.3 (A:8-83) Pdi-like hypothetical protein At1g60420","teerlkeieakydeiakdwpkkvkhvlheeheleltrvqvytcdkceeegtiwsyhcdecdfdlhakcalnedtke"
"d1y8fa1","g.49.1.0 (A:567-616) automated matches","hnfevwtattptycyecegllwgiarqgmrctecgvkchekcqdllnadc"
"d1joca1","g.50.1.1 (A:1348-1411) Eea1","kwaednevqncmacgkgfsvtvrrhhcrqcgnifcaecsaknaltpsskkpvrvcdacfndlqg"
"d1zbdb_","g.50.1.1 (B:) Effector domain of rabphilin-3a","eeltdeekeiinrviaraekmetmeqerigrlvdrletmrknvagdgvnrcilcgeqlgmlgsasvvcedckknvctkcgvetsnnrphpvwlckicleqrevwkrsgawffkgfpkqvlpqpm"
"d1dvpa2","g.50.1.1 (A:149-220) Hrs","mftadtapnwadgrvchrcrveftftnrkhhcrncgqvfcgqctakqcplpkygiekevrvcdgcfaalqrg"
"d1y02a2","g.50.1.1 (A:20-70) Rififylin (FYVE-RING finger protein Sakura)","psckscgahfantarkqtcldckknfcmtcssqvgngprlcllcqrfrata"
"d1vfya1","g.50.1.1 (A:169-230) vps27p protein","dwidsdacmicskkfsllnrkhhcrscggvfcqehssnsiplpdlgiyepvrvcdscfedye"
"d1wfka1","g.50.1.1 (A:8-82) Zinc finger FYVE domain containing protein 19","mesrcygcavkftlfkkeygckncgrafcngclsfsalvpragntqqkvckqchtiltrgssdnaskwsppqnyk"
"d1wema1","g.50.1.2 (A:8-70) Death associated transcription factor 1, Datf1 (DIO-1)","ecevydpnalycicrqphnnrfmiccdrceewfhgdcvgiseargrllerngedyicpnctil"
"d2pnxa1","g.50.1.2 (A:195-245) Inhibitor of growth protein 4, Ing4","eisgfgqclvwvqcsfpncgkwrrlcgnidpsvlpdnwscdqntdvqynrcdipeetwtgle"
"d2l5ua1","g.50.1.2 (A:6-61) Mi2-beta (CHD4)","yetdhqdycevcqqggeiilcdtcprayhmvcldpdmekapegkwscphcekegiq"
"d1fp0a1","g.50.1.2 (A:19-79) Nuclear corepressor KAP-1 (TIF-1beta)","gtlddsaticrvcqkpgdlvmcnqcefcfhldchlpalqdvpgeewscslchvlpdlkeed"
"d1weva1","g.50.1.2 (A:8-82) PHD finger protein 22","addfamemglacvvcrqmtvasgnqlvecqechnlyhqdchkpqvtdkevndprlvwycarctrqmkrmaqknqk"
"d1weqa1","g.50.1.2 (A:8-79) PHD finger protein 7 (NYD-SP6)","elepgafselyqryrhcdapiclyeqgrdsfedegrwrlilcatcgshgthrdcsslrpnskkwecneclpa"
"d1wepa1","g.50.1.2 (A:8-73) PHD finger protein 8","malvpvyclcrqpynvnhfmiecglcqdwfhgscvgieeenavdidiyhcpdceavfgpsimknwh"
"d1weea1","g.50.1.2 (A:8-66) PHD finger protein At1g33420","mergvdnwkvdckcgtkdddgermlacdgcgvwhhtrciginnadalpskflcfrciel"
"d1we9a1","g.50.1.2 (A:8-58) PHD finger protein At5g26210","qcgacgesyaadefwiccdlcemwfhgkcvkitparaehikqykcpscsnk"
"d1wesa1","g.50.1.2 (A:8-65) PHD Inhibitor of growth protein 2, Ing2","efaidpneptyclcnqvsygemigcdneqcpiewfhfscvsltykpkgkwycpkcrgd"
"d1wewa1","g.50.1.2 (A:8-72) Sumoylation ligase E3, SIZ1","edpfqpeikvrcvcgnsletdsmiqcedprchvwqhvgcvilpdkpmdgnpplpesfyceicrlt"
"d2a23a1","g.50.1.2 (A:414-487) V(D)J recombination-activating protein 2, Rag2","gywitccptcdvdintwvpfystelnkpamiycshgdghwvhaqcmdleertlihlsegsnkyycnehvqiara"
"d1f62a_","g.50.1.2 (A:) Williams-Beuren syndrome transcription factor, WSTF","arckvcrkkgeddklilcdecnkafhlfclrpalyevpdgewqcpacqpat"
"d2v89a2","g.50.1.2 (A:1414-1487) automated matches","gywitccptcdvdintwvpfystelnkpamiycshgdghwvhaqcmdleertlihlsegsnkyycnehvqiara"
"d1wila1","g.50.1.3 (A:8-83) Hypothetical protein KIAA1045","prepvvndemcdvcevwtaeslfpcrvctrvfhdgclrrmgyiqgdsaaevtemahtetgwschycdninllltee"
"d3t7la_","g.50.1.0 (A:) automated matches","lvlgqkqptwvpdseapncmncqvkftftkrrhhcracgkvfcgvccnrkcklqylekearvcvvcyetiskaq"
"d2l7pa1","g.50.2.1 (A:12-100) Histone-lysine N-methyltransferase ASHH2","mvvdvtiedsystesawvrcddcfkwrripasvvgsidessrwicmnnsdkrfadcsksqemsneeineelgigqdeadaydcdaakrg"
"d2rr4a1","g.50.2.1 (A:246-307) zf-CW and PWWP domain containing protein 1 (ZCWPW1)","eisgfgqclvwvqcsfpncgkwrrlcgnidpsvlpdnwscdqntdvqynrcdipeetwtgle"
"d2wb0x2","g.51.1.1 (X:266-385) First Zn-domain of early E2A DNA-binding protein, ADDBP","tgcalwlhrcaeiegelkclhgsiminkehviemdvtsengqralkeqsskakivknrwgrnvvqisntdarccvhdaacpanqfsgkscgmffsegakaqvafkqikafmqalypnaqt"
"d2wb0x3","g.51.1.1 (X:386-529) Second Zn-domain of early E2A DNA-binding protein, ADDBP","ghghllmplrcecnskpghapflgrqlpkltpfalsnaedldadlisdksvlasvhhpalivfqccnpvyrnsraqgggpncdfkisapdllnalvmvrslwsenftelprmvvpefkwstkhqyrnvslpvahsdarqnpfdf"
"d2wazx2","g.51.1.1 (X:386-529) automated matches","ghghllmplrcecnskpghapflgrqlpkltpfalsnaedldadlisdksvlasvhhpalivfqccnpvyrnsraqgggpncdfkisapdllnalvmvrslwsenftelprmvvpefkwstkhqyrpvslpvahsdarqnpfdf"
"d3d9ta1","g.52.1.1 (A:260-346) 2MIHB/C-IAP-1","mqthaarmrtfmywpssvpvqpeqlasagfyyvgrnddvkcfccdgglrcwesgddpwvehakwfprceflirmkgqefvdeiqgry"
"d2qfaa_","g.52.1.1 (A:) Anti-apoptotic protein survivin","tlppawqpflkdhristfknwpflegcactpermaeagfihcptenepdlaqcffcfkelegwepdddpieehkkhssgcaflsvkkqfeeltlgeflkldreraknkiaketnnkkkefeetakkvrraieqlaam"
"d1se0a_","g.52.1.1 (A:) BIR domains of DIAP1","ndlnreetrlktftdwpldwldkrqlaqtgmyfthagdkvkcffcgveigsweqedqpvpehqrwspncpllrrrttnnvpinaealdrilppisyd"
"d1g73c_","g.52.1.1 (C:) BIR domains of XIAP","lprnpsmadyeariftfgtwiysvnkeqlaragfyalgegdkvkcfhcgggltdwkpsedpweqhakwypgckylleqkgqeyinnihl"
"d2i3ha1","g.52.1.1 (A:78-167) BIR-containing protein 7 (ML-IAP, livin)","gpafpgmgseelrlasfydwpltaevppellaaagffhtghqdkvrcffcygglqswkrgddpwtehakwfpgcqfllrskgqeyinnih"
"d1xb0a_","g.52.1.1 (A:) BIR-containing protein 8","tnlprnpsmtgyearlitfgtwmysvnkeqlaragfyaigqedkvqcfhcggglanwkpkedpweqhakwypgckylleekgheyinnihlt"
"d4lgea_","g.52.1.1 (A:) automated matches","isnlsmqthaarmrtfmywpssvpvqpeqlasagfyyvgrnddvkcfccdgglrcwesgddpwvehakwfprceflirmkgqefvdeiqgry"
"d2vm5a1","g.52.1.0 (A:141-244) automated matches","rvknlksrlrggkmryqeeearlasfrnwpfyvqgispcvlseagfvftgkqdtvqcfscggclgnweegddpwkehakwfpkceflrskksseeitqyiqsyk"
"d7lvsb_","g.53.1.1 (B:) CREB-binding transcriptional adaptor protein CBP (p300)","tgptadpekrkliqqqlvlllhahkcqrreqangevracslphcrtmknvlnhmthcqagkacqvahcassrqiishwknctrhdcpvclplknasd"
"d2ka6a_","g.53.1.1 (A:) automated matches","spqesrrlsiqrciqslvhacqcrnancslpscqkmkrvvqhtkgckrktnggcpvckqlialccyhakhcqenkcpvpfclnikhklrqqq"
"d1exka_","g.54.1.1 (A:) Cysteine-rich domain of the chaperone protein DnaJ","gvtkeiriptleecdvchgsgakpgtqpqtcptchgsgqvqmrqgffavqqtcphcqgrgtlikdpcnkchghgrvers"
"d1nlta3","g.54.1.1 (A:139-212) Mitochondrial protein import protein mas5 (Hsp40, Ydj1), insert domain","kqilckecegrggkkgavkkctscngqgikfvtrqmgpmiqrfqtecdvchgtgdiidpkdrckscngkkvene"
"d1e8pa_","g.55.1.1 (A:) Cellulose docking domain, dockering","ascwaqsqgynccnnpsstkveytdasgqwgvqngqwcgidysygq"
"d1ha8a_","g.58.1.1 (A:) Pheromone ER-23","geceqcfsdggdcttcfnngtgpcanclagypagcsnsdctaflsqcyggc"
"d1k81a_","g.59.1.1 (A:) Zinc-binding domain of translation initiation factor 2 beta","vicrecgkpdtkiikegrvhllkcmacgairpirmi"
"d2d74b2","g.59.1.0 (B:104-139) automated matches","yvicpvcgspdtkiikrdrfhflkceacgaetpiqh"
"d1lsla1","g.60.1.1 (A:416-469) Thrombospondin-1 (TSP-1)","qdggwshwspwsscsvtcgdgvitrirlcnspspqmngkpcegearetkackkd"
"d3r6ba2","g.60.1.1 (A:488-547) automated matches","acpinggwgpwspwdicsvtcgggvqkrsrlcnnptpqfggkdcvgdvtenqicnkqdcp"
"d3r6ba1","g.60.1.0 (A:434-487) automated matches","qdggwshwspwsscsvtcgdgvitrirlcnspspqmngkpcegearetkackkd"
"d2j4wd1","g.61.1.1 (D:421-454) Apical membrane antigen 1","ifisndkesikcpceperisestcnfyvcncvek"
"d1lpva_","g.62.1.1 (A:) DM domain of Doublesex (dsx)","sisprtppncarcrnhglkitlkghkryckfryctcekcrltadrqrvmalq"
"d1nj7a_","g.63.1.1 (A:) Attractin","dqncdignitsqcqmqhkncedangcdtiieecktsmvercqnqefesaagsttlgpq"
"d1oc0b_","g.64.1.1 (B:) Vitronectin","esckgrctegfnvdkkcqcdelcsyyqscctdytaec"
"d1pb5a_","g.65.1.1 (A:) Neurogenic locus notch homolog protein 1","eeacelpecqedagnkvcslqcnnhacgwdggdcs"
"d1rgoa1","g.66.1.1 (A:151-186) Butyrate response factor 2 (Tis11D)","stryktelcrpfeesgtckygekcqfahgfhelrsl"
"d2fc6a1","g.66.1.1 (A:8-44) Target of EGR1 protein 1, TOE1","cclppathrphptsicdnfsaygwcplgpqcpqshdi"
"d1m9oa1","g.66.1.1 (A:5-43) Tristetraproline (ttp, tis11, nup475)","ttssryktelcrtysesgrcrygakcqfahglgelrqan"
"d2cqea1","g.66.1.1 (A:458-513) Zinc finger CCCH domain-containing protein C19orf7 (KIAA1064)","fpcklyhttgncingddcmfshdplteetrelldkmladdaeagaedekeveelkk"
"d3u1la1","g.66.1.2 (A:3-121) Pre-mRNA splicing factor Cwc2 / Cwf2 / Prp3, zinc finger domain","swrdksakvqvkeselpssipaqtgltfniwynkwsqgfagntrfvspfalqpqlhsgktrgdndgqlffclffakgmcclgpkceylhhipdeedigklalrtevldcfgrekfadyr"
"d1k18a_","g.67.1.1 (A:) Zinc finger domain of DNA polymerase-alpha","iceeptcrnrtrhlplqfsrtgplcpacmka"
"d1iw4a_","g.68.1.1 (A:) Ascidian trypsin inhibitor","ahmdctefnplcrcnkmlgdlicavigdakeehrnmcalccehpggfeysngpce"
"d2erwa1","g.68.1.1 (A:4-56) Blood-sucking insect-derived tryptase inhibitor","npcacfrnyvpvcgsdgktygnpcmlncaaqtkvpglklvhegrcqrsnveqf"
"d1kmaa_","g.68.1.1 (A:) Dipetalin","fqgnpcecpralhrvcgsdgntysnpcmltcakhegnpdlvqvhegpcdehdhdf"
"d1nuba3","g.68.1.1 (A:78-135) Domain of BM-40/SPARC/osteonectin","cqdptscpapigefekvcsndnktfdsschffatkctlegtkkghklhldyigpckyi"
"d1lr7a2","g.68.1.1 (A:89-136) Domain of follistatin","capdcsnitwkgpvcgldgktyrnecallkarckeqpelevqyqgkck"
"d1an1i_","g.68.1.1 (I:) Leech derived tryptase inhibitor (LDTI-C)","kvcacpkilkpvcgsdgrtyansciarcngvsiksegscp"
"d1r0ri_","g.68.1.1 (I:) Ovomucoid domains","vdcseypkpactleyrplcgsdnktygnkcnfcnavvesngtltlshfgkc"
"d1pcea_","g.68.1.1 (A:) PEC-60 peptide","ekqvfsrmpicehmtespdcsriydpvcgtdgvtyesecklclarienkqdiqivkdgec"
"d1tgsi_","g.68.1.1 (I:) Secretory trypsin inhibitor","tspqreatctsevsgcpkiynpvcgtdgitysnecvlcsenkkrqtpvliqksgpc"
"d2busa_","g.68.1.1 (A:) Seminal plasma inhibitor IIa","egaqvdcaefkdpkvyctresnphcgsngetygnkcafckavmksggkinlkhrgkc"
"d2gkri_","g.68.1.1 (I:) automated matches","vdcseypkpactleyrplcgsdnktygnkcnfcnavvesngtltlshfgkc"
"d1h0za_","g.68.1.2 (A:) Serine proteinase inhibitor lekti","esgkatsyaelcneyrklvrngklactrendpiqgpdgkvhgntcsmcevffqaeeeekkkkegesrn"
"d1yu6c_","g.68.1.0 (C:) automated matches","vdcseypkpactleyrplcgsdnktygnkcnfcnavvesngtltlshfgkc"
"d1ce3a_","g.69.1.1 (A:) Multidomain proteinase inhibitor","mkactlncdpriaygvcprseekkndrictnccagtkgckyfsddgtfvceges"
"d4sgbi_","g.69.1.1 (I:) Plant chymotrypsin inhibitor","pictnccagykgcnyysangaficegqsdpkkpkacplncdphiayskcpr"
"d1pjua1","g.69.1.1 (A:16-74) Wound-induced proteinase inhibitor-II","prsegsplnpicinccsgykgcnyynsfgkficegesdpkrpnactfncdpniaysrcp"
"d1ytpa_","g.69.1.1 (A:) automated matches","driatnccagtkgckyfsddgtfvcegesdprnpkacprnadpriaygicpla"
"d1kg1a_","g.70.1.1 (A:) Necrosis inducing protein 1, NIP1","drcrytlccdgalkavsaclhesesclvpgdccrgksrltlcsygeggngfqcptgyrqc"
"d1sopa_","g.71.1.1 (A:) Mini-collagen I, C-terminal domain","pcppvcvaqcvptcpqyccpakrk"
"d1ul4a_","g.72.1.1 (A:) Squamosa promoter binding protein-like 4, DNA-binding domain","lrlcqvdrctadmkeaklyhrrhkvcevhakassvflsglnqrfcqqcsrfhdlqefdeakrscrrrlaghnerrrkssge"
"d1ul5a_","g.72.1.1 (A:) Squamosa promoter binding protein-like 7, DNA-binding domain","varcqvpdceadiselkgyhkrhrvclrcatasfvvldgenkrycqqcgkfhllpdfdegkrscrrklerhnnrrkrkpvdkggva"
"d1wj0a_","g.72.1.1 (A:) Squamosa-promoter binding-like protein 12, DNA-binding domain","aiccqvdncgadlskvkdyhrrhkvceihskattalvggimqrfcqqcsrfhvleefd"
"d1pxea_","g.73.1.1 (A:) Neural zinc finger transcription factor 1","reskcptpgcdgtghvtglyphhrslsgcphkdrvppeilamhenvlk"
"d2i9wa2","g.74.1.1 (A:1-39) Hypothetical protein Psyc2064","mlfsiqtcpcqinpalnavstpllyqdccqpyhdglynq"
"d1ozbi_","g.74.1.1 (I:) Preprotein translocase SecA C-terminal domain","igrnepcpcgsgkkykhchgsrva"
"d1ux6a2","g.75.1.1 (A:813-936) Thrombospondin-1","aladncplehnpdqldsdsdrigdtcdnnqdidedghqnnldncpyvpnanqadhdkdgkgdacdhdddndgipddkdncrlvpnpdqkdsdgdgrgdackddfdhdsvpdiddicpenvdise"
"d1u34a1","g.76.1.1 (A:39-133) Corticotropin releasing factor receptor 2, CRFR-2beta","tlleqychrttignfsgpytycnttldqigtcwpqsapgalverpcpeyfngikynttrnayreclengtwasrvnyshcepilddkqrkydlhy"
"d2joda1","g.76.1.1 (A:22-122) Pituitary adenylate cyclase-activating polypeptide type I receptor","hsdgifkkeqamclekiqranelmgfndsspgcpgmwdnitcwkpahvgemvlvscpelfrifnpdqdmgvvsrnctedgwsepfphyfdacgfdeyeset"
"d1rgxa_","g.77.1.1 (A:) Resistin (ADSF, FIZZ3)","cpideaidkkikqdfnslfpnaikniglncwtvssrgklascpegtavlscscgsacgswdireekvchcqcaridwtaarccklqvas"
"d1rh7a_","g.77.1.1 (A:) Resistin-like beta (FIZZ2)","csfeslvdqrikealsrqepktisctsvtssgrlascpagmvvtgcacgygcgswdirngntchcqcsvmdwasarccrma"
"d2p4ea2","g.77.1.2 (A:453-682) Proprotein convertase subtilisin/kexin type 9","wqlfcrtvwsahsgptrmataiarcapdeellscssfsrsgkrrgermeaqggklvcrahnafggegvyaiarccllpqancsvhtappaeasmgtrvhchqqghvltgcsshwevedlgthkppvlrprgqpnqcvghreasihascchapgleckvkehgipapqeqvtvaceegwtltgcsalpgtshvlgayavdntcvvrsrdvsttgstseeavtavaiccrsr"
"d6u26b2","g.77.1.2 (B:450-682) automated matches","gagwqlfcrtvwsahsgptrmataiarcapdeellscssfsrsgkrrgermeaqggklvcrahnafggegvyaiarccllpqancsvhtappaeasmgtrvhchqqghvltgcsshwevedlgthkppvlrprgqpnqcvghreasihascchapgleckvkehgipapqeqvtvaceegwtltgcsalpgtshvlgayavdntcvvrsrdvsttgstseeavtavaiccrsr"
"g1sse.1","g.78.1.1 (A:,B:) YAP1 redox domain","nldsnmfsndfnfenqfdeqvsefcskmnqvcgtrXngsslqnadkinngndndndndvvpskegsllrcseiwdritthpkysdidvdglcselmakakcsergvvinaedvqlalnkhmn"
"d1wj2a_","g.79.1.1 (A:) WRKY DNA-binding protein 4","vqttsevdllddgyrwrkygqkvvkgnpyprsyykcttpgcgvrkhveraatdpkavvttyegkhnhdlpa"
"d2ayda_","g.79.1.0 (A:) automated matches","srivvhtqtlfdivndgyrwrkygqksvkgspyprsyyrcsspgcpvkkhversshdtkllittyegkhdhdmppg"
"d1wfea1","g.80.1.1 (A:8-80) AN1-type zinc finger protein 1","csevnvvkerpktdehksyscsfkgctdvelvavicpyceknfclrhrhqsdhdceklevakprmaatqklvr"
"d1wffa1","g.80.1.1 (A:8-79) ANUBL1 (AN1, ubiquitin-like, homolog)","ihhlppvkaplqtkkkimkhcflcgkktglatsfecrcgnnfcashryaeahgcnydyksagrryleeanpv"
"d1wg2a1","g.80.1.1 (A:8-58) Zinc finger A20 and AN1 domains containing protein At1g12040","psrpvrpnnrcfscnkkvgvmgfkckcgstfcgshrypekhecsfdfkevg"
"d1wfpa1","g.80.1.1 (A:8-68) Zinc finger A20 and AN1 domains containing protein At1g12440","trggdsaaapldppkstatrclscnkkvgvtgfkcrcgstfcgthrypeshecqfdfkgva"
"d1wfha1","g.80.1.1 (A:8-58) Zinc finger A20 and AN1 domains containing protein At2g36320","qpsppqrpnrctvcrkrvgltgfmcrcgttfcgshrypevhgctfdfksag"
"d1wfla1","g.80.1.1 (A:8-68) Zinc finger A20 domain containing protein 2","psssqseekapelpkpkknrcfmcrkkvgltgfdcrcgnlfcglhrysdkhncpydykaea"
"d1vq0a2","g.81.1.1 (A:231-287) HSP33, C-terminal domain","cdcnrekaknallvldkkeledmrkegkgevvckwcntryvfseeeleellkfkvdd"
"d1wvka1","g.82.1.1 (A:10-86) Expressed protein At2g23090/F21P24.15","gggnaqksamaraknlekakaagkgsqleankkamsiqckvcmqtficttsevkcrehaeakhpkadvvacfphlkk"
"d2bskb1","g.83.1.1 (B:13-77) Mitochondrial import inner membrane translocase subunit Tim10","levemmadmynrmtsachrkcvpphykeaelskgesvcldrcvskyldihermgkkltelsmqde"
"d2bska1","g.83.1.1 (A:13-85) Mitochondrial import inner membrane translocase subunit Tim9","qfkeflgtynkltetcfldcvkdfttrevkpeettcsehclqkylkmtqrismrfqeyhiqqnealaakagll"
"d3dxra_","g.83.1.0 (A:) automated matches","fqkvveqkqmkdfmrlysnlvercftdcvndfttskltnkeqtcimkcsekflkhservgqrfqeqnaa"
"d1vfia1","g.84.1.1 (A:5-95) Vanadium-binding protein 2, vanabin 2","apvdckgqcttpcepltackekcaescetsadkktcrrnckkadcepqdkvcdacrmkchkacraancasecpkhehksdtcracmktnck"
"d2jw6a_","g.85.1.1 (A:) Deformed epidermal autoregulatory factor 1, DEAF-1","scvncgreamsectgchkvnycstfcqrkdwkdhqhicgqsa"
"d2d8qa1","g.85.1.1 (A:8-64) Zinc finger MYND domain-containing protein 10, ZMYND10","leavaperprcaycsaeaskrcsrcqnewyccrecqvkhwekhgktcvlaaqgdrak"
"d2dj8a1","g.85.1.1 (A:8-54) Zinc finger MYND domain-containing protein 2, MTG8","inqqedssescwncgrkasetcsgcntarycgsfcqhkdwekhhhic"
"d2fv6a_","g.85.1.1 (A:) automated matches","scvncgreamsectgchkvnycstfcqrkdwkdhqhicgqsa"
"d1x4sa1","g.85.1.2 (A:8-53) Zinc finger HIT domain containing protein 2, ZNHIT2","mepagpcgfcpagevqparytcprcnapycslrcyrthgtcaenfy"
"d2fyga1","g.86.1.1 (A:10-128) Nonstructural protein 10, NSP10","nstvlsfcafavdpakaykdylasggqpitncvkmlcthtgtgqaitvtpeanmdqesfggascclycrchidhpnpkgfcdlkgkyvqipttcandpvgftlrntvctvcgmwkgygc"
"d6zpea1","g.86.1.1 (A:10-130) automated matches","nstvlsfcafavdaakaykdylasggqpitncvkmlcthtgtgqaitvtpeanmdqesfggascclycrchidhpnpkgfcdlkgkyvqipttcandpvgftlkntvctvcgmwkgygcsc"
"d2baia1","g.87.1.1 (A:1-32) Polyprotein leader polypeptide","mattmeqeicahsmtfeecpkcsalqyrngfy"
"d2ffta1","g.88.1.1 (A:2-84) Thylakoid soluble phosphoprotein TSP9","aakgtaetkqeksfvdwllgkitkedqfyetdpilrggdvkssgstsgkkggttsgkkgtvsipskkkngnggvfgglfakkd"
"d2p8qb_","g.88.2.1 (B:) importin-beta binding (IBB) domain of snurportin-1","prlsqykskyssleqserrrrllelqkskrldyvnharr"
"d5disc1","g.88.2.0 (C:1-73) automated matches","meelsqalassfsvsqdlnstaaphprlsqykskyssleqserrrrllelqkskrldyvnharrlaeddwtgm"
"d2dkta1","g.89.1.1 (A:8-81) RING finger and CHY zinc finger domain-containing protein 1","gvrnlaqgprgcehydracllkapccdklytcrlchdtnedhqldrfkvkevqcinceklqhaqqtcedcstlf"
"d2k2ca1","g.89.1.1 (A:1-82) automated matches","maataredgatgeergqrgcehydrgcllkapccdklytcrlchdnnedhqldrfkvkevqcincekiqhaqqtceecstlf"
"d2fk4a1","g.90.1.1 (A:3-67) E6 oncoprotein","syslygttleqqynkplsdllircincqkplspeekqrhldkkqrfhnirgrwtgrcmscsrssr"
"d2m3la1","g.90.1.1 (A:80-151) automated matches","srsvygttleaitkkslydlsirchrcqrplgpeekqklvdekkrfheiagrwtgqcancwqrtrqrnetqv"
"d2b9da1","g.91.1.1 (A:44-93) E7 oncoprotein","qpyavvascayceklvrltvladhsairqleemllrslnivcplctlqrq"
"d2pkgc1","g.92.1.1 (C:91-170) Small t antigen, ST-AG","gvdamyckqwpecakkmsancicllcllrmkhenrklyrkdplvwvdcycfdcfrmwfgldlcegtlllwcdiigqttyr"
"d2dkta2","g.93.1.1 (A:82-137) RING finger and CHY zinc finger domain-containing protein 1","geyycsichlfdkdkrqyhcescgicrigpkedffhclkcnlclttnlrgkhkcie"
"d2k2ca2","g.93.1.0 (A:83-137) automated matches","geyycdichlfdkdkkqyhcencgicrigpkedffhclkcnlclamnlqgrhkci"
"d2a73a6","g.94.1.1 (A:578-643) Complement C3 linker domain","kgvfvlnkknkltqskiwdvvekadigctpgsgkdyagvfsdagltftsssgqqtaqraelqcpqp"
"d3cu7a9","g.94.1.1 (A:607-673) Complement C5 linker domain","savygvqrgakkplervfqfleksdlgcgaggglnnanvfhlagltfltnanaddsqendepckeil"
"d3pt6a1","g.95.1.1 (A:651-700) Zn finger domain from DNA methyltransferase 1 (DNMT1)","mkrrrcgvcevcqqpecgkckackdmvkfggtgrskqaclkrrcpnlavk"
"d2j2sa_","g.95.1.1 (A:) Zn finger domain from mixed lineage leukemia (MLL) protein","ggsvkkgrrsrrcgqcpgcqvpedcgvctncldkpkfggrnikkqcckmrkcqnlqwmpskaylqkqakavk"
"d4nw3a_","g.95.1.1 (A:) automated matches","rrsrrcgqcpgcqvpedcgvctncldkpkfggrnikkqcckmrkcqnlqwm"
"d2foma1","g.96.1.1 (A:49-95) Flavivirus non-structural protein NS2B","adleleraadvrweeqaeisgsspilsitisedgsmsikneeeeqtl"
"d2ggva_","g.96.1.1 (A:) automated matches","tdmwiertadiswesdaeitgsservdvrldddgnfqlmndpga"
"d6y3ba_","g.96.1.0 (A:) automated matches","dmyieragditwekdaevtgnsprldvaldesgdfslv"
"d2qh7a_","g.97.1.1 (A:) mitoNEET","kaminlhiqkdnpkivhafdmedlgdkavycrcwrskkfpfcdgahtkhneetgdnvgpliikkk"
"d4ezfa_","g.97.1.1 (A:) automated matches","fyvkdhrnkaminlhiqkdnpkivhafdmedlgdakavycrcwrskkfpfcdgahtkhneetgdnvgpliikkket"
"d3s2ra_","g.97.1.0 (A:) automated matches","ginpeirknedkvvdsvvvtelsknitpycrcwrsgtfplcdgscvkhnkangdnvgplllkkq"
"d4c3hd_","g.98.1.1 (D:) RNA polymerase I subunit A14","sattlntpvvihatqlpqhvstdevlqflesfidekeniidsttmntisgnaadadaaavantslnidtnlsssisqlkriqrdfkglp"
"d3jb9e_","g.99.1.1 (e:) Pre-mRNA splicing factor Cwf14 / Bud31","rlrtsrtkrppdgfdeieptliefqdrmrqientmgkgtktemlapifqlhhqrsryiydlyykreaistelynwllkqnyadgnliakwkkpgyeklcclrciqtaeskfgstcicrvpkskldkdqrvrcthcgcngcascd"
"d6id0n_","g.99.1.1 (N:) automated matches","mpkvkrsrkappdgwelieptldeldqkmreaetephegkrkveslwpifrihhqktryifdlfykrkaisrelyeycikegyadknliakwkkqgyenlcclrciqtrdtnfgtncicrvpksklevgriiecthcgcrgcs"
"d5lj3n2","g.100.1.1 (N:6-144) Pre-mRNA splicing factor Cwf5 / Ecm2 / Stl11, Zn-binding domain","nepppniceqclgdeanirmtkipqgseckictlpftlyhfktskrsnniiktlicvrcatqrnicqccmldsrwhipiqlrdhlislvneenvmteeakndmmkrflslknvklggaqitsdpseadnivdklknill"
"d5syba_","g.101.1.1 (A:) Pre-mRNA splicing factor Phf5 / Rds3","akhhpdlifcrkqagvaigrlcekcdgkcvicdsyvrpstlvricdecnygsygrcvicggpgvsdayyckectiqekdrdgcpkivnl"
"d6eiua2","g.102.1.1 (A:623-754) KDM5B (JARID1B or PLU1) C-terminal domain","rycvfshdemickmaskadvldvvvastvqkdmaimiedekalretvrklgvidsermdfellpdderqcvkckttcfmsaiscsckpgllvclhhvkelcscppykyklryrytlddlypmmnalklraes"
"d5fyza2","g.102.1.0 (A:623-753) automated matches","rycvfshdemickmaskadvldvvvastvqkdmaimiedekalretvrklgvidsermdfellpdderqcvkckttcfmsaiscsckpgllvclhhvkelcscppykyklryrytlddlypmmnalklrae"
"d4g26a2","g.103.1.1 (A:300-352,A:535-570) Proteinaceous RNAse P1 (PRORP1)","gvkkwdvkkirdavvsggggwhgqgwlgtgkwnvkrtemdengvckcckeklvXysiviqesedgtwhvpmsveddlqtsrqwlcakrsk13.8s"
